{
    "name": "fourby",
    "color": "36",
    "speed": 0.011010283216642533,
    "proteinInfo": {
        "messengers": [
            "thinkin",
            "schemin",
            "plottin",
            "dreamin"
        ],
        "secondaries": [],
        "proteins": [
            "upin",
            "downin",
            "rightin",
            "leftin",
            "splittin"
        ]
    },
    "modtable": {
        "Nempty": {
            "thinkin": 1.3245045802071151,
            "schemin": -0.9358518040358577,
            "plottin": -0.7129460387448152,
            "dreamin": 1.2716121924065729
        },
        "Nfood": {
            "thinkin": 0.880835857496328,
            "schemin": 1.4840164156320574,
            "plottin": 1.612239630864992,
            "dreamin": 0.5409087153507671
        },
        "Ncell": {
            "thinkin": -2.679738476200775,
            "schemin": -0.26532422286399915,
            "plottin": -0.4082303144940621,
            "dreamin": -0.4749110150634366
        },
        "Nsize": {
            "thinkin": -1.7587426832465716,
            "schemin": 1.6309617538455137,
            "plottin": 1.636185487007789,
            "dreamin": -3.2621644536512577
        },
        "Sempty": {
            "thinkin": -0.5848677648809535,
            "schemin": -0.3842325091269174,
            "plottin": 2.1607496425210853,
            "dreamin": 2.1079454167300424
        },
        "Sfood": {
            "thinkin": -3.361674418117436,
            "schemin": 3.3855948129847504,
            "plottin": -3.4301020213557325,
            "dreamin": -3.106633720086873
        },
        "Scell": {
            "thinkin": -1.4923578569420468,
            "schemin": 3.127876427488842,
            "plottin": -4.703393865977822,
            "dreamin": 0.3148389947769529
        },
        "Ssize": {
            "thinkin": 1.6556049294288528,
            "schemin": -3.279474659955246,
            "plottin": -1.8534476403988502,
            "dreamin": 0.6385748690635241
        },
        "Eempty": {
            "thinkin": 3.948553675324262,
            "schemin": -4.484193390563384,
            "plottin": 2.03142673070019,
            "dreamin": 0.5004254676922959
        },
        "Efood": {
            "thinkin": 4.703642907604875,
            "schemin": 0.6254541028889085,
            "plottin": -2.8150250695623598,
            "dreamin": 1.1666292091655237
        },
        "Ecell": {
            "thinkin": -1.8387837429105307,
            "schemin": -0.5612402129688012,
            "plottin": 0.5760209883311989,
            "dreamin": 2.551312154321714
        },
        "Esize": {
            "thinkin": -3.6506775543064047,
            "schemin": -13.246666113934788,
            "plottin": 4.012831222535429,
            "dreamin": 0.6285667014990488
        },
        "Wempty": {
            "thinkin": 4.234428050474675,
            "schemin": 2.6905823930522845,
            "plottin": -2.7425096135653213,
            "dreamin": -0.9420293315608286
        },
        "Wfood": {
            "thinkin": -3.6118306091113195,
            "schemin": -4.8143927410441885,
            "plottin": 2.461795300633044,
            "dreamin": -3.8673569174651727
        },
        "Wcell": {
            "thinkin": 2.149752895693329,
            "schemin": -1.565891467617998,
            "plottin": -1.3242508467307395,
            "dreamin": -1.5873252542574527
        },
        "Wsize": {
            "thinkin": 2.088000101527449,
            "schemin": -2.1898606807087453,
            "plottin": -5.117861036420157,
            "dreamin": -0.903501294188614
        },
        "food": {
            "thinkin": -0.917271652850563,
            "schemin": 3.0983335306405935,
            "plottin": 0.6306757577428153,
            "dreamin": 2.0441464347648433
        },
        "thinkin": {
            "thinkin": -6.5581466802971295,
            "schemin": -0.20135035815285007,
            "plottin": 0.5975533949411584,
            "dreamin": 4.03354013220364
        },
        "schemin": {
            "thinkin": 1.8416075987085905,
            "schemin": -1.5940486347291354,
            "plottin": 1.3285817919516338,
            "dreamin": -3.3180010787943552
        },
        "plottin": {
            "thinkin": -3.1293030572720983,
            "schemin": -3.34993425018184,
            "plottin": -3.301599685648382,
            "dreamin": -0.20310510801380588
        },
        "dreamin": {
            "thinkin": -1.2646105592430796,
            "schemin": -1.3623030090029011,
            "plottin": 0.09435560028639733,
            "dreamin": -4.958656496656975
        },
        "upin": {
            "thinkin": -1.5499093350232898,
            "schemin": 0.5741860570481142,
            "plottin": 1.5690903196614678,
            "dreamin": -0.034483952968398235
        },
        "downin": {
            "thinkin": 0.3644232318448618,
            "schemin": -1.8161385521371058,
            "plottin": 1.483741463596496,
            "dreamin": 0.9789608413961035
        },
        "rightin": {
            "thinkin": 0.29774701136550874,
            "schemin": 0.24088589668173244,
            "plottin": 0.17344580212732819,
            "dreamin": -2.3350166770919722
        },
        "leftin": {
            "thinkin": 0.342821909433769,
            "schemin": 0.05352662714247303,
            "plottin": -1.2100111164977774,
            "dreamin": -1.6107334973392413
        },
        "splittin": {
            "thinkin": -0.958644150400181,
            "schemin": -3.6012928422761896,
            "plottin": -3.2295234052775874,
            "dreamin": 0.23974342806422633
        }
    },
    "secondarytable": {
        "thinkin": {},
        "schemin": {},
        "plottin": {},
        "dreamin": {}
    },
    "movementtable": {
        "thinkin": {
            "upin": -1.7033411005141388,
            "downin": -1.8057118865013306,
            "rightin": 5.561909901703546,
            "leftin": -2.0852332277595673,
            "splittin": -1.3183067083235036
        },
        "schemin": {
            "upin": -0.9983429711459804,
            "downin": 0.1093317025560715,
            "rightin": -0.8783320528685479,
            "leftin": -5.3984050520369635,
            "splittin": 1.166125846078558
        },
        "plottin": {
            "upin": -5.957476955536739,
            "downin": 0.12728453403026163,
            "rightin": -3.29072033456202,
            "leftin": 0.38419040097907664,
            "splittin": -3.9383577322704086
        },
        "dreamin": {
            "upin": -4.062313200053871,
            "downin": -1.095156543353242,
            "rightin": -0.4962736673460224,
            "leftin": -3.266575689708337,
            "splittin": -19.962842367282366
        }
    }
}