{
    "name": "baquaililious27500",
    "color": "36",
    "split": 4.815942973025797,
    "speed": 0.02558737077849249,
    "proteinInfo": {
        "messengers": [
            "thinkin-2691752-2842286-5985419-1362452-1392836",
            "thinkin-2691752-2842286-5985419-1362452",
            "thinkin-2691752-2842286",
            "schemin-5038908-1603073",
            "schemin-5038908",
            "plottin-4838988",
            "dreamin"
        ],
        "secondaries": [],
        "proteins": [
            "upin",
            "downin",
            "rightin",
            "leftin"
        ],
        "index": [
            "Nempty",
            "Nfood",
            "Ncell",
            "Nsize",
            "Sempty",
            "Sfood",
            "Scell",
            "Ssize",
            "Eempty",
            "Efood",
            "Ecell",
            "Esize",
            "Wempty",
            "Wfood",
            "Wcell",
            "Wsize",
            "food",
            "thinkin-2691752-2842286-5985419-1362452-1392836",
            "thinkin-2691752-2842286-5985419-1362452",
            "thinkin-2691752-2842286",
            "schemin-5038908-1603073",
            "schemin-5038908",
            "plottin-4838988",
            "dreamin",
            "upin",
            "downin",
            "rightin",
            "leftin"
        ]
    },
    "modtable": {
        "Nempty": {
            "dreamin": -277.3659501654265,
            "thinkin-2691752-2842286": -494.6400180323028,
            "plottin-4838988": 47741.23221284529,
            "schemin-5038908": -24252.23034284056,
            "thinkin-2691752-2842286-5985419-1362452": -1452.6774965923537,
            "thinkin-2691752-2842286-5985419-1362452-1392836": -384.68720565960484,
            "schemin-5038908-1603073": -106227.4848441514
        },
        "Nfood": {
            "dreamin": 285.2833196934361,
            "thinkin-2691752-2842286": 27892.67518428583,
            "plottin-4838988": -1087.369890656768,
            "schemin-5038908": 12735.9110752734,
            "thinkin-2691752-2842286-5985419-1362452": -700526.5588498202,
            "thinkin-2691752-2842286-5985419-1362452-1392836": 2442269.318846922,
            "schemin-5038908-1603073": -12023.02769293799
        },
        "Ncell": {
            "dreamin": -414.168436064509,
            "thinkin-2691752-2842286": -135778.20820292283,
            "plottin-4838988": -4.323647574990105,
            "schemin-5038908": -1700.5442322663725,
            "thinkin-2691752-2842286-5985419-1362452": 166.7621835064265,
            "thinkin-2691752-2842286-5985419-1362452-1392836": 6913.508097542649,
            "schemin-5038908-1603073": -383.8103748343965
        },
        "Nsize": {
            "dreamin": -357.0840903955233,
            "thinkin-2691752-2842286": -283.3686383809869,
            "plottin-4838988": 109.73948501730342,
            "schemin-5038908": 2427.931188210707,
            "thinkin-2691752-2842286-5985419-1362452": -23.779249557667164,
            "thinkin-2691752-2842286-5985419-1362452-1392836": -22286.88847364312,
            "schemin-5038908-1603073": 2597.1708818093202
        },
        "Sempty": {
            "dreamin": 9470.017808873912,
            "thinkin-2691752-2842286": 3980.9615126782683,
            "plottin-4838988": -973.6060988844457,
            "schemin-5038908": 134574.79048463525,
            "thinkin-2691752-2842286-5985419-1362452": 325616.5626782597,
            "thinkin-2691752-2842286-5985419-1362452-1392836": 159338.3826779241,
            "schemin-5038908-1603073": -1221.18533318322
        },
        "Sfood": {
            "dreamin": 26.98796167640619,
            "thinkin-2691752-2842286": -49058.57751384942,
            "plottin-4838988": -1520.6058686762044,
            "schemin-5038908": -13968.091020417081,
            "thinkin-2691752-2842286-5985419-1362452": -8896.402105353498,
            "thinkin-2691752-2842286-5985419-1362452-1392836": -3191.3224691787495,
            "schemin-5038908-1603073": -45668.09179979751
        },
        "Scell": {
            "dreamin": 54552.37716641578,
            "thinkin-2691752-2842286": -9062.425407059156,
            "plottin-4838988": 700.3270609271458,
            "schemin-5038908": -680106.6828239548,
            "thinkin-2691752-2842286-5985419-1362452": -8992651.589909108,
            "thinkin-2691752-2842286-5985419-1362452-1392836": 15484910.416146409,
            "schemin-5038908-1603073": -1584692.4047317933
        },
        "Ssize": {
            "dreamin": -3875.8697718821813,
            "thinkin-2691752-2842286": -3467.1879044874313,
            "plottin-4838988": -3906.3419493193687,
            "schemin-5038908": 554.461844131111,
            "thinkin-2691752-2842286-5985419-1362452": -50.930662931997325,
            "thinkin-2691752-2842286-5985419-1362452-1392836": -81.06590898430416,
            "schemin-5038908-1603073": 229.75159135615468
        },
        "Eempty": {
            "dreamin": 20.74966055270223,
            "thinkin-2691752-2842286": -2152.3185286239536,
            "plottin-4838988": 779.1934161998346,
            "schemin-5038908": -767.9528213132276,
            "thinkin-2691752-2842286-5985419-1362452": -660948.3899888986,
            "thinkin-2691752-2842286-5985419-1362452-1392836": -132432.9813768397,
            "schemin-5038908-1603073": -2399.2998828081563
        },
        "Efood": {
            "dreamin": -33827.60478892523,
            "thinkin-2691752-2842286": -5081.291582805774,
            "plottin-4838988": -394.55861870316124,
            "schemin-5038908": 85.02290212290477,
            "thinkin-2691752-2842286-5985419-1362452": -7059.75115121797,
            "thinkin-2691752-2842286-5985419-1362452-1392836": -7073.9319975109265,
            "schemin-5038908-1603073": -1159.0811267342656
        },
        "Ecell": {
            "dreamin": -237.50061789920295,
            "thinkin-2691752-2842286": -66655.79309002226,
            "plottin-4838988": 33.735296623605585,
            "schemin-5038908": -2363.13937560851,
            "thinkin-2691752-2842286-5985419-1362452": 286.2038193253954,
            "thinkin-2691752-2842286-5985419-1362452-1392836": 2144.7332630322917,
            "schemin-5038908-1603073": -31724.937211087006
        },
        "Esize": {
            "dreamin": -5.679806427682529,
            "thinkin-2691752-2842286": 15851.79097388068,
            "plottin-4838988": -4256.265463448871,
            "schemin-5038908": -1312.5061923838646,
            "thinkin-2691752-2842286-5985419-1362452": -528988.3166182614,
            "thinkin-2691752-2842286-5985419-1362452-1392836": -267984.7146229161,
            "schemin-5038908-1603073": 8559.731725695092
        },
        "Wempty": {
            "dreamin": -17.38677257302472,
            "thinkin-2691752-2842286": 299.9257210823179,
            "plottin-4838988": -327.9326443207403,
            "schemin-5038908": 3411.012115460098,
            "thinkin-2691752-2842286-5985419-1362452": 20.164714526470725,
            "thinkin-2691752-2842286-5985419-1362452-1392836": -30.448851997051673,
            "schemin-5038908-1603073": 1844.4679700516197
        },
        "Wfood": {
            "dreamin": -84803.17916965055,
            "thinkin-2691752-2842286": -66654.61475306844,
            "plottin-4838988": 636.5965262878594,
            "schemin-5038908": -79.50263791468966,
            "thinkin-2691752-2842286-5985419-1362452": -936.1890092179375,
            "thinkin-2691752-2842286-5985419-1362452-1392836": -3828.393474080874,
            "schemin-5038908-1603073": -705.9601526731853
        },
        "Wcell": {
            "dreamin": 36327.16774529141,
            "thinkin-2691752-2842286": -3107.883881825139,
            "plottin-4838988": -116451.96937001885,
            "schemin-5038908": -7.280551043803836,
            "thinkin-2691752-2842286-5985419-1362452": 8.905595127042776,