{
    "name": "dowagallo30000",
    "color": "31",
    "split": 4.492733423309523,
    "speed": 0.029199112757987086,
    "proteinInfo": {
        "messengers": [
            "thinkin-2691752-2842286-5985419-1362452-1392836",
            "thinkin-2691752-2842286-5985419-1362452",
            "thinkin-2691752-2842286",
            "schemin-5038908-1603073",
            "schemin-5038908",
            "plottin-4838988",
            "dreamin"
        ],
        "secondaries": [],
        "proteins": [
            "upin",
            "downin",
            "rightin",
            "leftin"
        ],
        "index": [
            "Nempty",
            "Nfood",
            "Ncell",
            "Nsize",
            "Sempty",
            "Sfood",
            "Scell",
            "Ssize",
            "Eempty",
            "Efood",
            "Ecell",
            "Esize",
            "Wempty",
            "Wfood",
            "Wcell",
            "Wsize",
            "food",
            "thinkin-2691752-2842286-5985419-1362452-1392836",
            "thinkin-2691752-2842286-5985419-1362452",
            "thinkin-2691752-2842286",
            "schemin-5038908-1603073",
            "schemin-5038908",
            "plottin-4838988",
            "dreamin",
            "upin",
            "downin",
            "rightin",
            "leftin"
        ]
    },
    "modtable": {
        "Nempty": {
            "dreamin": -276.83134050503975,
            "thinkin-2691752-2842286": 2214.7923659366606,
            "plottin-4838988": 187238.2610707696,
            "schemin-5038908": -24253.458253053537,
            "thinkin-2691752-2842286-5985419-1362452": -1448.9013852344365,
            "thinkin-2691752-2842286-5985419-1362452-1392836": -1548.5020397811134,
            "schemin-5038908-1603073": -106236.46847802922
        },
        "Nfood": {
            "dreamin": 286.68542490325075,
            "thinkin-2691752-2842286": -129846.15983191236,
            "plottin-4838988": -1093.2698523109625,
            "schemin-5038908": 12734.92854379942,
            "thinkin-2691752-2842286-5985419-1362452": -700526.1363176776,
            "thinkin-2691752-2842286-5985419-1362452-1392836": 2442270.2970502083,
            "schemin-5038908-1603073": -12020.67365330597
        },
        "Ncell": {
            "dreamin": -417.61896421016684,
            "thinkin-2691752-2842286": -135777.37622911506,
            "plottin-4838988": -8.900923668233508,
            "schemin-5038908": -1699.81618695797,
            "thinkin-2691752-2842286-5985419-1362452": 167.21219247643245,
            "thinkin-2691752-2842286-5985419-1362452-1392836": 6914.367325742625,
            "schemin-5038908-1603073": -383.5096914334127
        },
        "Nsize": {
            "dreamin": -354.1105460210311,
            "thinkin-2691752-2842286": -277.43272819471133,
            "plottin-4838988": 110.83712437322593,
            "schemin-5038908": 2426.2175849791333,
            "thinkin-2691752-2842286-5985419-1362452": -53.24593896513772,
            "thinkin-2691752-2842286-5985419-1362452-1392836": -22291.351893333744,
            "schemin-5038908-1603073": 2594.28610216428
        },
        "Sempty": {
            "dreamin": -25869.199448294283,
            "thinkin-2691752-2842286": 3979.3803438473105,
            "plottin-4838988": -974.1707513987176,
            "schemin-5038908": -123465.09312099962,
            "thinkin-2691752-2842286-5985419-1362452": 325614.4060068987,
            "thinkin-2691752-2842286-5985419-1362452-1392836": 159341.59154908787,
            "schemin-5038908-1603073": -1222.8119514180903
        },
        "Sfood": {
            "dreamin": 30.47005679039176,
            "thinkin-2691752-2842286": -49059.81163293765,
            "plottin-4838988": -1514.292891600064,
            "schemin-5038908": -13967.653768849652,
            "thinkin-2691752-2842286-5985419-1362452": -8895.709004857206,
            "thinkin-2691752-2842286-5985419-1362452-1392836": -3192.3068451476256,
            "schemin-5038908-1603073": -45664.201843482806
        },
        "Scell": {
            "dreamin": 54548.8415547344,
            "thinkin-2691752-2842286": -9061.193788363984,
            "plottin-4838988": -2674.256481260175,
            "schemin-5038908": -680112.3366753055,
            "thinkin-2691752-2842286-5985419-1362452": -24642548.2590294,
            "thinkin-2691752-2842286-5985419-1362452-1392836": 15484908.766876101,
            "schemin-5038908-1603073": -17558051.49864395
        },
        "Ssize": {
            "dreamin": -3881.666343535724,
            "thinkin-2691752-2842286": -3464.9148917271546,
            "plottin-4838988": -3903.1594285556125,
            "schemin-5038908": 560.5013576190922,
            "thinkin-2691752-2842286-5985419-1362452": -49.82245279217574,
            "thinkin-2691752-2842286-5985419-1362452-1392836": -79.41650340688649,
            "schemin-5038908-1603073": 229.81701876264557
        },
        "Eempty": {
            "dreamin": 22.05190591026986,
            "thinkin-2691752-2842286": 8458.703675175175,
            "plottin-4838988": 777.5986359787497,
            "schemin-5038908": -772.3284623394368,
            "thinkin-2691752-2842286-5985419-1362452": -660947.3139694389,
            "thinkin-2691752-2842286-5985419-1362452-1392836": -132430.9254726544,
            "schemin-5038908-1603073": -2396.1320299497875
        },
        "Efood": {
            "dreamin": -51228.42826147604,
            "thinkin-2691752-2842286": -5081.331177235958,
            "plottin-4838988": -985.3490961797775,
            "schemin-5038908": 78.41997719433644,
            "thinkin-2691752-2842286-5985419-1362452": -7059.682211879632,
            "thinkin-2691752-2842286-5985419-1362452-1392836": -7076.497469106453,
            "schemin-5038908-1603073": -1157.657253945836
        },
        "Ecell": {
            "dreamin": -236.6515771156498,
            "thinkin-2691752-2842286": -239342.71297520338,
            "plottin-4838988": 31.104122790291175,
            "schemin-5038908": -2362.3273658539238,
            "thinkin-2691752-2842286-5985419-1362452": 290.24361276309065,
            "thinkin-2691752-2842286-5985419-1362452-1392836": 2142.3764026773583,
            "schemin-5038908-1603073": -31726.855250252764
        },
        "Esize": {
            "dreamin": -4.363731700793859,
            "thinkin-2691752-2842286": 15852.92842107334,
            "plottin-4838988": -4256.737651184556,
            "schemin-5038908": -5517.655002678166,
            "thinkin-2691752-2842286-5985419-1362452": -528987.1536220864,
            "thinkin-2691752-2842286-5985419-1362452-1392836": -267985.9323533278,
            "schemin-5038908-1603073": 8554.056537520608
        },
        "Wempty": {
            "dreamin": -13.959616611396832,
            "thinkin-2691752-2842286": -831.6240494019041,
            "plottin-4838988": -327.7223085598148,
            "schemin-5038908": 3408.997974655237,
            "thinkin-2691752-2842286-5985419-1362452": 23.99805989920853,
            "thinkin-2691752-2842286-5985419-1362452-1392836": -26.79840738990769,
            "schemin-5038908-1603073": 1841.4168521671527
        },
        "Wfood": {
            "dreamin": -84797.6023808263,
            "thinkin-2691752-2842286": -66657.71393799261,
            "plottin-4838988": 633.8683274990691,
            "schemin-5038908": -83.88413883868499,
            "thinkin-2691752-2842286-5985419-1362452": -939.1328396153598,
            "thinkin-2691752-2842286-5985419-1362452-1392836": -3833.3144103474942,
            "schemin-5038908-1603073": -704.5756441332452
        },
        "Wcell": {
            "dreamin": 36323.93695007413,
            "thinkin-2691752-2842286": -3107.0006835739596,
            "plottin-4838988": -116448.80061200318,
            "schemin-5038908": 16.735484470753736,
            "thinkin-2691752-2842286-5985419-1362452": 6.941739776688313,